{
  "manifest.json": 1768372711170,
  "controller/App.controller.js": 1768372689370,
  "controller/View1.controller.js": 1768802087961,
  "model/models.js": 1768372689370,
  "i18n/i18n.properties": 1768372711170,
  "Component.js": 1768750543765,
  "controller/View1-dbg.controller.js": 1768802087961,
  "controller/View1.controller.js.map": 1768833389506,
  "controller/App-dbg.controller.js": 1768372689370,
  "controller/App.controller.js.map": 1768833389483,
  "model/models-dbg.js": 1768372689370,
  "model/models.js.map": 1768833389484,
  "Component-dbg.js": 1768750543765,
  "Component.js.map": 1768833389485,
  "Component-preload.js": 1768833389598,
  "Component-preload.js.map": 1768833389598,
  "view/View1.view.xml": 1768801632953,
  "view/App.view.xml": 1768372689374,
  "css/style.css": 1768806029044,
  "index.html": 1768372689362
}